audio_file,Meeting Summary & Key Points,timestamp
.gradio\flagged\audio_file\81ffead905c50fc2c5d8\downloaded_audio.mp3,"Here are the key points with details from the transcript:

* **Purpose and Methodology of the Test**
  * **Objective:** The test is designed to evaluate the **accuracy** and **responsiveness** of speech-to-text features across four different applications.
  * **Pacing:** The speaker intentionally speaks quickly to challenge the transcription tools.

* **Test Content and Topics Discussed**
  * **Weather Conditions:** Described as sunny with a slight breeze, ideal for outdoor activities.
  * **Personal Plans:** The speaker plans to visit a busy local park later in the day, with the possibility of having a picnic.

* **Conclusion**
  * The speaker closes by thanking the participants for taking part in the test.",2026-08-14 21:18:23.785950
